state_code,survey_two_party,n,Race,State,v206,%Obama,%McCain,%Other,Unnamed: 6,actual_two_party,error
1,0.39306528499699733,257,P,AL,1,0.38799999999999996,0.604,0.8%,,0.3911290322580645,0.001936252738932831
2,0.37829729024801584,55,P,AK,2,0.379,0.594,2.7%,,0.38951695786228163,-0.011219667614265794
4,0.4584606448180255,606,P,AZ,4,0.451,0.537,1.2%,,0.4564777327935223,0.001982912024503236
5,0.4489045084757263,269,P,AR,5,0.389,0.5870000000000001,2.4%,,0.3985655737704918,0.05033893470523454
6,0.5970902007318745,2051,P,CA,6,0.611,0.37,1.9%,,0.6228338430173292,-0.025743642285454782
8,0.5365649748597705,371,P,CO,8,0.537,0.447,1.6%,,0.5457317073170732,-0.009166732457302706
9,0.6019252562982773,329,P,CT,9,0.563,0.424,1.3%,,0.5704154002026343,0.03150985609564305
10,0.6747124549170753,88,P,DE,10,0.619,0.369,1.2%,,0.6265182186234818,0.04819423629359354
12,0.5303647060821494,1564,P,FL,12,0.509,0.48100000000000004,1.0%,,0.5141414141414141,0.01622329194073524
13,0.4662216432535161,590,P,GA,13,0.469,0.522,0.9%,,0.47325933400605447,-0.00703769075253835
15,0.734534401677825,55,P,HI,15,0.715,0.264,2.1%,,0.7303370786516854,0.004197323026139621
16,0.35181193286399565,125,P,ID,16,0.361,0.615,2.4%,,0.3698770491803279,-0.01806511631633223
17,0.617212024495379,829,P,IL,17,0.62,0.368,1.2%,,0.6275303643724697,-0.010318339877090632
18,0.524753149370621,578,P,IN,18,0.5,0.49,1.0%,,0.5050505050505051,0.019702644320115925
19,0.517608285342541,334,P,IA,19,0.542,0.446,1.2%,,0.548582995951417,-0.03097471060887602
20,0.42641058587750025,298,P,KS,20,0.41700000000000004,0.5660000000000001,1.7%,,0.4242115971515768,0.0021989887259234453
21,0.41747885072848373,332,P,KY,21,0.41200000000000003,0.574,1.4%,,0.4178498985801217,-0.0003710478516379956
22,0.3785818429102618,265,P,LA,22,0.396,0.59,1.4%,,0.40162271805273836,-0.023040875142476547
23,0.559417121284596,186,P,ME,23,0.5770000000000001,0.40399999999999997,1.9%,,0.5881753312945973,-0.02875821001000134
24,0.7007064569303831,373,P,MD,24,0.619,0.365,1.6%,,0.6290650406504065,0.07164141627997667
25,0.6387798662162697,434,P,MA,25,0.621,0.36200000000000004,1.7%,,0.6317395727365208,0.0070402934797488825
26,0.5628410318920046,772,P,MI,26,0.574,0.41,1.6%,,0.5833333333333333,-0.02049230144132863
27,0.5335093099144669,444,P,MN,27,0.541,0.43799999999999994,2.1%,,0.5526046986721145,-0.019095388757647602
28,0.4364562095965496,188,P,MS,28,0.43,0.562,0.8%,,0.4334677419354839,0.0029884676610657523
29,0.5068394795668419,651,P,MO,29,0.49200000000000005,0.494,1.4%,,0.4989858012170386,0.007853678349803328
30,0.5126103373107247,131,P,MT,30,0.473,0.495,3.2%,,0.48863636363636365,0.02397397367436105
31,0.479481757333331,161,P,NE,31,0.40299999999999997,0.547,5.0%,,0.4242105263157895,0.0552712310175415
32,0.49682166595529165,300,P,NV,32,0.552,0.42700000000000005,2.1%,,0.5638406537282942,-0.06701898777300253
33,0.5390653012862957,179,P,NH,33,0.544,0.447,0.9%,,0.5489404641775983,-0.009875162891302636
34,0.6090298547783023,599,P,NJ,34,0.573,0.41700000000000004,1.0%,,0.5787878787878787,0.030241975990423553
35,0.5740052193340822,197,P,NM,35,0.5710000000000001,0.419,1.0%,,0.5767676767676768,-0.0027624574335946006
36,0.6337347717605288,1258,P,NY,36,0.629,0.361,1.0%,,0.6353535353535353,-0.0016187635930065003
37,0.5402292704782827,669,P,NC,37,0.49700000000000005,0.494,0.9%,,0.5015136226034309,0.03871564787485182
38,0.5016797429922927,76,P,ND,38,0.446,0.5329999999999999,2.1%,,0.4555669050051073,0.04611283798718535
39,0.5412329548512065,1040,P,OH,39,0.514,0.47,1.6%,,0.5223577235772358,0.018875231273970727
40,0.35497755585194973,316,P,OK,40,0.344,0.657,0.0%,,0.3436563436563437,0.011321212195606056
41,0.5272384697820434,432,P,OR,41,0.5670000000000001,0.40399999999999997,2.9%,,0.583934088568486,-0.05669561878644269
42,0.5415542114701093,1416,P,PA,42,0.547,0.44299999999999995,1.0%,,0.5525252525252525,-0.010971041055143238
44,0.7107222910015911,75,P,RI,44,0.631,0.35200000000000004,1.7%,,0.6419125127161749,0.06880977828541623
45,0.5115113512274772,301,P,SC,45,0.449,0.539,1.2%,,0.4544534412955466,0.05705790993193055
46,0.4823893309400058,93,P,SD,46,0.44799999999999995,0.532,2.0%,,0.45714285714285713,0.025246473797148672
47,0.41820515425447147,440,P,TN,47,0.418,0.569,1.3%,,0.4235055724417427,-0.0053004181872712275
48,0.46580958779584786,1462,P,TX,48,0.43799999999999994,0.556,0.6%,,0.4406438631790744,0.025165724616773466
49,0.4541329906235758,230,P,UT,49,0.344,0.626,3.0%,,0.3546391752577319,0.0994938153658439
50,0.6757903038183205,92,P,VT,50,0.674,0.304,2.2%,,0.6891615541922291,-0.013371250373908627
51,0.6033476004294562,607,P,VA,51,0.526,0.46299999999999997,1.1%,,0.5318503538928211,0.07149724653663514
53,0.6037309838583345,684,P,WA,53,0.5770000000000001,0.405,1.9%,,0.5875763747454176,0.016154609112916885
54,0.46679059166513776,161,P,WV,54,0.426,0.557,1.7%,,0.43336724313326547,0.03342334853187229
55,0.5536790741661299,542,P,WI,55,0.563,0.424,1.3%,,0.5704154002026343,-0.016736326036504323
56,0.3354106346575993,38,P,WY,56,0.324,0.644,3.2%,,0.3347107438016529,0.0006998908559464057
